Workbook
Name FinancialYears: Codebook!$J$2:$J$19
Name Months: Codebook!$H$2:$H$13
Name PeriodTypes: Codebook!$A$2:$A$6
Name SchemeBases: Codebook!$E$2:$E$3
Name SchemeTypes: Codebook!$C$2:$C$9
Name Sequences: Codebook!$G$2:$G$35
Name StandardPeriods: Codebook!$B$2:$B$20

Sheet MA Schem Code Tool
A2: Master Agreement | B2: Code | C2: Customer code | E2: FY | F2: Final Master Agreement code | G2: Customer Name
A3: MA | B3: - | C3: 1000589 | D3: - | E3: 27 | F3: =_xlfn.CONCAT(A3,B3,C3,D3,E3) -> MA-1000589-27 | G3: EP Electronics

Sheet Sub Agreement Code Tool
A1: CHANNEL PARTNER INCENTIVE SCHEME CODE GENERATOR
A2: SAP scheme code is automatically generated and limited to 20 characters. Customer Code remains at the end.
A3: Custom period example: FY 2026-27 | Sep to Aug | Tie up | Value Based | Seq 1 | Customer 1234567 → 27C0908-TUV1-1234567
A4: Select Financial Year from the dropdown. The final code uses the FY ending year: FY 2026-27 → 27. For custom periods, select the FY in which the scheme starts.
A6: Sr No | B6: Financial Year | C6: Period Type | D6: Standard Period | E6: Custom Start Month | F6: Custom End Month | G6: Scheme Type | H6: Scheme Basis | I6: Seq | J6: Customer Code (7 Char) | K6: Period Code | L6: Type Code | M6: Basis Code | N6: Final SAP Scheme Code | O6: Char Count | P6: Status | Q6: Party name
A7: 1 | B7: FY 2026-27 | C7: Custom Period | E7: Sep | F7: Aug | G7: Festive | H7: Value Based | I7: 1 | J7: 1234567 | K7: =IF(C7="Custom Period",IF(OR(E7="C",F7="C"),"C","C"&TEXT(MATCH(E7,Codebook!$H$2:$H$13,0),"00")&TEXT(MATCH(F7,Codebook!$H$2:$H$13,0),"00")),D7) -> C0908 | L7: =IFERROR(INDEX(Codebook!$D$2:$D$50,MATCH(G7,Codebook!$C$2:$C$50,0)),"") -> FS | M7: =IFERROR(INDEX(Codebook!$F$2:$F$3,MATCH(H7,Codebook!$E$2:$E$3,0)),"") -> V | N7: =IF(OR(B7="",K7="",L7="",M7="",I7="",J7=""),"",RIGHT(B7,2)&K7&"-"&L7&M7&I7&"-"&J7) -> 27C0908-FSV1-1234567 | O7: =IF(N7="","",LEN(N7)) -> 20 | P7: =IF(COUNTA(B7:J7)=0,"",IF(AND(LEFT(B7,3)="FY ",LEN(B7)=10,LEN(I7&"")=1,LEN(J7&"")=7,O7<=20,OR(AND(C7="Custom Period",E7<>"",F7<>""),AND(C7="Monthly",LEFT(D7,1)="M"),AND(C7="Quarterly",LEFT(D7,1)="Q"),AND(C7="Half Yearly",LEFT(D7,1)="H"),AND(C7="Annual",D7="AN"))),"OK","CHECK INPUT")) -> OK
A8: 2 | B8: FY 2026-27 | C8: Monthly | D8: M01 | G8: Festive | H8: Quantity Based | I8: 1 | J8: 1000675 | K8: =IF(C8="Custom Period",IF(OR(E8="C",F8="C"),"C","C"&TEXT(MATCH(E8,Codebook!$H$2:$H$13,0),"00")&TEXT(MATCH(F8,Codebook!$H$2:$H$13,0),"00")),D8) -> M01 | L8: =IFERROR(INDEX(Codebook!$D$2:$D$50,MATCH(G8,Codebook!$C$2:$C$50,0)),"") -> FS | M8: =IFERROR(INDEX(Codebook!$F$2:$F$3,MATCH(H8,Codebook!$E$2:$E$3,0)),"") -> Q | N8: =IF(OR(B8="",K8="",L8="",M8="",I8="",J8=""),"",RIGHT(B8,2)&K8&"-"&L8&M8&I8&"-"&J8) -> 27M01-FSQ1-1000675 | O8: =IF(N8="","",LEN(N8)) -> 18 | P8: =IF(COUNTA(B8:J8)=0,"",IF(AND(LEFT(B8,3)="FY ",LEN(B8)=10,LEN(I8&"")=1,LEN(J8&"")=7,O8<=20,OR(AND(C8="Custom Period",E8<>"",F8<>""),AND(C8="Monthly",LEFT(D8,1)="M"),AND(C8="Quarterly",LEFT(D8,1)="Q"),AND(C8="Half Yearly",LEFT(D8,1)="H"),AND(C8="Annual",D8="AN"))),"OK","CHECK INPUT")) -> OK
A9: 3 | B9: FY 2026-27 | C9: Quarterly | D9: Q2 | G9: Festive | H9: Value Based | I9: 1 | J9: 1000675 | K9: =IF(C9="Custom Period",IF(OR(E9="C",F9="C"),"C","C"&TEXT(MATCH(E9,Codebook!$H$2:$H$13,0),"00")&TEXT(MATCH(F9,Codebook!$H$2:$H$13,0),"00")),D9) -> Q2 | L9: =IFERROR(INDEX(Codebook!$D$2:$D$50,MATCH(G9,Codebook!$C$2:$C$50,0)),"") -> FS | M9: =IFERROR(INDEX(Codebook!$F$2:$F$3,MATCH(H9,Codebook!$E$2:$E$3,0)),"") -> V | N9: =IF(OR(B9="",K9="",L9="",M9="",I9="",J9=""),"",RIGHT(B9,2)&K9&"-"&L9&M9&I9&"-"&J9) -> 27Q2-FSV1-1000675 | O9: =IF(N9="","",LEN(N9)) -> 17 | P9: =IF(COUNTA(B9:J9)=0,"",IF(AND(LEFT(B9,3)="FY ",LEN(B9)=10,LEN(I9&"")=1,LEN(J9&"")=7,O9<=20,OR(AND(C9="Custom Period",E9<>"",F9<>""),AND(C9="Monthly",LEFT(D9,1)="M"),AND(C9="Quarterly",LEFT(D9,1)="Q"),AND(C9="Half Yearly",LEFT(D9,1)="H"),AND(C9="Annual",D9="AN"))),"OK","CHECK INPUT")) -> OK
A10: 4 | B10: FY 2026-27 | C10: Annual | D10: AN | G10: Festive | H10: Quantity Based | I10: 1 | J10: 1000177 | K10: =IF(C10="Custom Period",IF(OR(E10="C",F10="C"),"C","C"&TEXT(MATCH(E10,Codebook!$H$2:$H$13,0),"00")&TEXT(MATCH(F10,Codebook!$H$2:$H$13,0),"00")),D10) -> AN | L10: =IFERROR(INDEX(Codebook!$D$2:$D$50,MATCH(G10,Codebook!$C$2:$C$50,0)),"") -> FS | M10: =IFERROR(INDEX(Codebook!$F$2:$F$3,MATCH(H10,Codebook!$E$2:$E$3,0)),"") -> Q | N10: =IF(OR(B10="",K10="",L10="",M10="",I10="",J10=""),"",RIGHT(B10,2)&K10&"-"&L10&M10&I10&"-"&J10) -> 27AN-FSQ1-1000177 | O10: =IF(N10="","",LEN(N10)) -> 17 | P10: =IF(COUNTA(B10:J10)=0,"",IF(AND(LEFT(B10,3)="FY ",LEN(B10)=10,LEN(I10&"")=1,LEN(J10&"")=7,O10<=20,OR(AND(C10="Custom Period",E10<>"",F10<>""),AND(C10="Monthly",LEFT(D10,1)="M"),AND(C10="Quarterly",LEFT(D10,1)="Q"),AND(C10="Half Yearly",LEFT(D10,1)="H"),AND(C10="Annual",D10="AN"))),"OK","CHECK INPUT")) -> OK
A11: 5 | B11: FY 2026-27 | C11: Custom Period | E11: May | F11: Jul | G11: Festive | H11: Quantity Based | I11: 1 | J11: 2345678 | K11: =IF(C11="Custom Period",IF(OR(E11="C",F11="C"),"C","C"&TEXT(MATCH(E11,Codebook!$H$2:$H$13,0),"00")&TEXT(MATCH(F11,Codebook!$H$2:$H$13,0),"00")),D11) -> C0507 | L11: =IFERROR(INDEX(Codebook!$D$2:$D$50,MATCH(G11,Codebook!$C$2:$C$50,0)),"") -> FS | M11: =IFERROR(INDEX(Codebook!$F$2:$F$3,MATCH(H11,Codebook!$E$2:$E$3,0)),"") -> Q | N11: =IF(OR(B11="",K11="",L11="",M11="",I11="",J11=""),"",RIGHT(B11,2)&K11&"-"&L11&M11&I11&"-"&J11) -> 27C0507-FSQ1-2345678 | O11: =IF(N11="","",LEN(N11)) -> 20 | P11: =IF(COUNTA(B11:J11)=0,"",IF(AND(LEFT(B11,3)="FY ",LEN(B11)=10,LEN(I11&"")=1,LEN(J11&"")=7,O11<=20,OR(AND(C11="Custom Period",E11<>"",F11<>""),AND(C11="Monthly",LEFT(D11,1)="M"),AND(C11="Quarterly",LEFT(D11,1)="Q"),AND(C11="Half Yearly",LEFT(D11,1)="H"),AND(C11="Annual",D11="AN"))),"OK","CHECK INPUT")) -> OK
A12: 5 | B12: FY 2026-27 | C12: Monthly | D12: M07 | G12: Festive | H12: Value Based | I12: 1 | J12: 1000177 | K12: =IF(C12="Custom Period",IF(OR(E12="C",F12="C"),"C","C"&TEXT(MATCH(E12,Codebook!$H$2:$H$13,0),"00")&TEXT(MATCH(F12,Codebook!$H$2:$H$13,0),"00")),D12) -> M07 | L12: =IFERROR(INDEX(Codebook!$D$2:$D$50,MATCH(G12,Codebook!$C$2:$C$50,0)),"") -> FS | M12: =IFERROR(INDEX(Codebook!$F$2:$F$3,MATCH(H12,Codebook!$E$2:$E$3,0)),"") -> V | N12: =IF(OR(B12="",K12="",L12="",M12="",I12="",J12=""),"",RIGHT(B12,2)&K12&"-"&L12&M12&I12&"-"&J12) -> 27M07-FSV1-1000177 | O12: =IF(N12="","",LEN(N12)) -> 18 | P12: =IF(COUNTA(B12:J12)=0,"",IF(AND(LEFT(B12,3)="FY ",LEN(B12)=10,LEN(I12&"")=1,LEN(J12&"")=7,O12<=20,OR(AND(C12="Custom Period",E12<>"",F12<>""),AND(C12="Monthly",LEFT(D12,1)="M"),AND(C12="Quarterly",LEFT(D12,1)="Q"),AND(C12="Half Yearly",LEFT(D12,1)="H"),AND(C12="Annual",D12="AN"))),"OK","CHECK INPUT")) -> OK
A13: 5 | B13: FY 2026-27 | C13: Quarterly | D13: Q3 | G13: Festive | H13: Value Based | I13: 2 | J13: 1000177 | K13: =IF(C13="Custom Period",IF(OR(E13="C",F13="C"),"C","C"&TEXT(MATCH(E13,Codebook!$H$2:$H$13,0),"00")&TEXT(MATCH(F13,Codebook!$H$2:$H$13,0),"00")),D13) -> Q3 | L13: =IFERROR(INDEX(Codebook!$D$2:$D$50,MATCH(G13,Codebook!$C$2:$C$50,0)),"") -> FS | M13: =IFERROR(INDEX(Codebook!$F$2:$F$3,MATCH(H13,Codebook!$E$2:$E$3,0)),"") -> V | N13: =IF(OR(B13="",K13="",L13="",M13="",I13="",J13=""),"",RIGHT(B13,2)&K13&"-"&L13&M13&I13&"-"&J13) -> 27Q3-FSV2-1000177 | O13: =IF(N13="","",LEN(N13)) -> 17 | P13: =IF(COUNTA(B13:J13)=0,"",IF(AND(LEFT(B13,3)="FY ",LEN(B13)=10,LEN(I13&"")=1,LEN(J13&"")=7,O13<=20,OR(AND(C13="Custom Period",E13<>"",F13<>""),AND(C13="Monthly",LEFT(D13,1)="M"),AND(C13="Quarterly",LEFT(D13,1)="Q"),AND(C13="Half Yearly",LEFT(D13,1)="H"),AND(C13="Annual",D13="AN"))),"OK","CHECK INPUT")) -> OK
A14: 5 | B14: FY 2026-27 | C14: Half Yearly | D14: H1 | G14: Festive | H14: Quantity Based | I14: 1 | J14: 1000675 | K14: =IF(C14="Custom Period",IF(OR(E14="C",F14="C"),"C","C"&TEXT(MATCH(E14,Codebook!$H$2:$H$13,0),"00")&TEXT(MATCH(F14,Codebook!$H$2:$H$13,0),"00")),D14) -> H1 | L14: =IFERROR(INDEX(Codebook!$D$2:$D$50,MATCH(G14,Codebook!$C$2:$C$50,0)),"") -> FS | M14: =IFERROR(INDEX(Codebook!$F$2:$F$3,MATCH(H14,Codebook!$E$2:$E$3,0)),"") -> Q | N14: =IF(OR(B14="",K14="",L14="",M14="",I14="",J14=""),"",RIGHT(B14,2)&K14&"-"&L14&M14&I14&"-"&J14) -> 27H1-FSQ1-1000675 | O14: =IF(N14="","",LEN(N14)) -> 17 | P14: =IF(COUNTA(B14:J14)=0,"",IF(AND(LEFT(B14,3)="FY ",LEN(B14)=10,LEN(I14&"")=1,LEN(J14&"")=7,O14<=20,OR(AND(C14="Custom Period",E14<>"",F14<>""),AND(C14="Monthly",LEFT(D14,1)="M"),AND(C14="Quarterly",LEFT(D14,1)="Q"),AND(C14="Half Yearly",LEFT(D14,1)="H"),AND(C14="Annual",D14="AN"))),"OK","CHECK INPUT")) -> OK
A15: 5 | B15: FY 2026-27 | C15: Annual | D15: AN | G15: Festive | H15: Value Based | I15: 1 | J15: 1000177 | K15: =IF(C15="Custom Period",IF(OR(E15="C",F15="C"),"C","C"&TEXT(MATCH(E15,Codebook!$H$2:$H$13,0),"00")&TEXT(MATCH(F15,Codebook!$H$2:$H$13,0),"00")),D15) -> AN | L15: =IFERROR(INDEX(Codebook!$D$2:$D$50,MATCH(G15,Codebook!$C$2:$C$50,0)),"") -> FS | M15: =IFERROR(INDEX(Codebook!$F$2:$F$3,MATCH(H15,Codebook!$E$2:$E$3,0)),"") -> V | N15: =IF(OR(B15="",K15="",L15="",M15="",I15="",J15=""),"",RIGHT(B15,2)&K15&"-"&L15&M15&I15&"-"&J15) -> 27AN-FSV1-1000177 | O15: =IF(N15="","",LEN(N15)) -> 17 | P15: =IF(COUNTA(B15:J15)=0,"",IF(AND(LEFT(B15,3)="FY ",LEN(B15)=10,LEN(I15&"")=1,LEN(J15&"")=7,O15<=20,OR(AND(C15="Custom Period",E15<>"",F15<>""),AND(C15="Monthly",LEFT(D15,1)="M"),AND(C15="Quarterly",LEFT(D15,1)="Q"),AND(C15="Half Yearly",LEFT(D15,1)="H"),AND(C15="Annual",D15="AN"))),"OK","CHECK INPUT")) -> OK
A16: 5 | B16: FY 2026-27 | C16: Custom Period | E16: Nov | F16: Dec | G16: Festive | H16: Value Based | I16: 1 | J16: 2345678 | K16: =IF(C16="Custom Period",IF(OR(E16="C",F16="C"),"C","C"&TEXT(MATCH(E16,Codebook!$H$2:$H$13,0),"00")&TEXT(MATCH(F16,Codebook!$H$2:$H$13,0),"00")),D16) -> C1112 | L16: =IFERROR(INDEX(Codebook!$D$2:$D$50,MATCH(G16,Codebook!$C$2:$C$50,0)),"") -> FS | M16: =IFERROR(INDEX(Codebook!$F$2:$F$3,MATCH(H16,Codebook!$E$2:$E$3,0)),"") -> V | N16: =IF(OR(B16="",K16="",L16="",M16="",I16="",J16=""),"",RIGHT(B16,2)&K16&"-"&L16&M16&I16&"-"&J16) -> 27C1112-FSV1-2345678 | O16: =IF(N16="","",LEN(N16)) -> 20 | P16: =IF(COUNTA(B16:J16)=0,"",IF(AND(LEFT(B16,3)="FY ",LEN(B16)=10,LEN(I16&"")=1,LEN(J16&"")=7,O16<=20,OR(AND(C16="Custom Period",E16<>"",F16<>""),AND(C16="Monthly",LEFT(D16,1)="M"),AND(C16="Quarterly",LEFT(D16,1)="Q"),AND(C16="Half Yearly",LEFT(D16,1)="H"),AND(C16="Annual",D16="AN"))),"OK","CHECK INPUT")) -> OK
A17: 5 | B17: FY 2026-27 | C17: Custom Period | E17: Sep | F17: Aug | G17: Festive | H17: Quantity Based | I17: 1 | J17: 1000177 | K17: =IF(C17="Custom Period",IF(OR(E17="C",F17="C"),"C","C"&TEXT(MATCH(E17,Codebook!$H$2:$H$13,0),"00")&TEXT(MATCH(F17,Codebook!$H$2:$H$13,0),"00")),D17) -> C0908 | L17: =IFERROR(INDEX(Codebook!$D$2:$D$50,MATCH(G17,Codebook!$C$2:$C$50,0)),"") -> FS | M17: =IFERROR(INDEX(Codebook!$F$2:$F$3,MATCH(H17,Codebook!$E$2:$E$3,0)),"") -> Q | N17: =IF(OR(B17="",K17="",L17="",M17="",I17="",J17=""),"",RIGHT(B17,2)&K17&"-"&L17&M17&I17&"-"&J17) -> 27C0908-FSQ1-1000177 | O17: =IF(N17="","",LEN(N17)) -> 20 | P17: =IF(COUNTA(B17:J17)=0,"",IF(AND(LEFT(B17,3)="FY ",LEN(B17)=10,LEN(I17&"")=1,LEN(J17&"")=7,O17<=20,OR(AND(C17="Custom Period",E17<>"",F17<>""),AND(C17="Monthly",LEFT(D17,1)="M"),AND(C17="Quarterly",LEFT(D17,1)="Q"),AND(C17="Half Yearly",LEFT(D17,1)="H"),AND(C17="Annual",D17="AN"))),"OK","CHECK INPUT")) -> OK
A18: 5 | B18: FY 2026-27 | C18: Quarterly | D18: Q2 | E18: Sep | F18: Aug | G18: Festive | H18: Value Based | I18: 1 | J18: 1000675 | K18: =IF(C18="Custom Period",IF(OR(E18="C",F18="C"),"C","C"&TEXT(MATCH(E18,Codebook!$H$2:$H$13,0),"00")&TEXT(MATCH(F18,Codebook!$H$2:$H$13,0),"00")),D18) -> Q2 | L18: =IFERROR(INDEX(Codebook!$D$2:$D$50,MATCH(G18,Codebook!$C$2:$C$50,0)),"") -> FS | M18: =IFERROR(INDEX(Codebook!$F$2:$F$3,MATCH(H18,Codebook!$E$2:$E$3,0)),"") -> V | N18: =IF(OR(B18="",K18="",L18="",M18="",I18="",J18=""),"",RIGHT(B18,2)&K18&"-"&L18&M18&I18&"-"&J18) -> 27Q2-FSV1-1000675 | O18: =IF(N18="","",LEN(N18)) -> 17 | P18: =IF(COUNTA(B18:J18)=0,"",IF(AND(LEFT(B18,3)="FY ",LEN(B18)=10,LEN(I18&"")=1,LEN(J18&"")=7,O18<=20,OR(AND(C18="Custom Period",E18<>"",F18<>""),AND(C18="Monthly",LEFT(D18,1)="M"),AND(C18="Quarterly",LEFT(D18,1)="Q"),AND(C18="Half Yearly",LEFT(D18,1)="H"),AND(C18="Annual",D18="AN"))),"OK","CHECK INPUT")) -> OK
A19: 12 | B19: FY 2026-27 | C19: Quarterly | D19: Q3 | K19: =IF(C19="Custom Period",IF(OR(E19="C",F19="C"),"C","C"&TEXT(MATCH(E19,Codebook!$H$2:$H$13,0),"00")&TEXT(MATCH(F19,Codebook!$H$2:$H$13,0),"00")),D19) -> Q3 | L19: =IFERROR(INDEX(Codebook!$D$2:$D$50,MATCH(G19,Codebook!$C$2:$C$50,0)),"") | M19: =IFERROR(INDEX(Codebook!$F$2:$F$3,MATCH(H19,Codebook!$E$2:$E$3,0)),"") | N19: =IF(OR(B19="",K19="",L19="",M19="",I19="",J19=""),"",RIGHT(B19,2)&K19&"-"&L19&M19&I19&"-"&J19) | O19: =IF(N19="","",LEN(N19)) | P19: =IF(COUNTA(B19:J19)=0,"",IF(AND(LEFT(B19,3)="FY ",LEN(B19)=10,LEN(I19&"")=1,LEN(J19&"")=7,O19<=20,OR(AND(C19="Custom Period",E19<>"",F19<>""),AND(C19="Monthly",LEFT(D19,1)="M"),AND(C19="Quarterly",LEFT(D19,1)="Q"),AND(C19="Half Yearly",LEFT(D19,1)="H"),AND(C19="Annual",D19="AN"))),"OK","CHECK INPUT")) -> CHECK INPUT
A20: 13 | K20: =IF(C20="Custom Period",IF(OR(E20="C",F20="C"),"C","C"&TEXT(MATCH(E20,Codebook!$H$2:$H$13,0),"00")&TEXT(MATCH(F20,Codebook!$H$2:$H$13,0),"00")),D20) -> 0 | L20: =IFERROR(INDEX(Codebook!$D$2:$D$50,MATCH(G20,Codebook!$C$2:$C$50,0)),"") | M20: =IFERROR(INDEX(Codebook!$F$2:$F$3,MATCH(H20,Codebook!$E$2:$E$3,0)),"") | N20: =IF(OR(B20="",K20="",L20="",M20="",I20="",J20=""),"",RIGHT(B20,2)&K20&"-"&L20&M20&I20&"-"&J20) | O20: =IF(N20="","",LEN(N20)) | P20: =IF(COUNTA(B20:J20)=0,"",IF(AND(LEFT(B20,3)="FY ",LEN(B20)=10,LEN(I20&"")=1,LEN(J20&"")=7,O20<=20,OR(AND(C20="Custom Period",E20<>"",F20<>""),AND(C20="Monthly",LEFT(D20,1)="M"),AND(C20="Quarterly",LEFT(D20,1)="Q"),AND(C20="Half Yearly",LEFT(D20,1)="H"),AND(C20="Annual",D20="AN"))),"OK","CHECK INPUT"))
A21: 14 | K21: =IF(C21="Custom Period",IF(OR(E21="C",F21="C"),"C","C"&TEXT(MATCH(E21,Codebook!$H$2:$H$13,0),"00")&TEXT(MATCH(F21,Codebook!$H$2:$H$13,0),"00")),D21) -> 0 | L21: =IFERROR(INDEX(Codebook!$D$2:$D$50,MATCH(G21,Codebook!$C$2:$C$50,0)),"") | M21: =IFERROR(INDEX(Codebook!$F$2:$F$3,MATCH(H21,Codebook!$E$2:$E$3,0)),"") | N21: =IF(OR(B21="",K21="",L21="",M21="",I21="",J21=""),"",RIGHT(B21,2)&K21&"-"&L21&M21&I21&"-"&J21) | O21: =IF(N21="","",LEN(N21)) | P21: =IF(COUNTA(B21:J21)=0,"",IF(AND(LEFT(B21,3)="FY ",LEN(B21)=10,LEN(I21&"")=1,LEN(J21&"")=7,O21<=20,OR(AND(C21="Custom Period",E21<>"",F21<>""),AND(C21="Monthly",LEFT(D21,1)="M"),AND(C21="Quarterly",LEFT(D21,1)="Q"),AND(C21="Half Yearly",LEFT(D21,1)="H"),AND(C21="Annual",D21="AN"))),"OK","CHECK INPUT"))
A22: 15 | K22: =IF(C22="Custom Period",IF(OR(E22="C",F22="C"),"C","C"&TEXT(MATCH(E22,Codebook!$H$2:$H$13,0),"00")&TEXT(MATCH(F22,Codebook!$H$2:$H$13,0),"00")),D22) -> 0 | L22: =IFERROR(INDEX(Codebook!$D$2:$D$50,MATCH(G22,Codebook!$C$2:$C$50,0)),"") | M22: =IFERROR(INDEX(Codebook!$F$2:$F$3,MATCH(H22,Codebook!$E$2:$E$3,0)),"") | N22: =IF(OR(B22="",K22="",L22="",M22="",I22="",J22=""),"",RIGHT(B22,2)&K22&"-"&L22&M22&I22&"-"&J22) | O22: =IF(N22="","",LEN(N22)) | P22: =IF(COUNTA(B22:J22)=0,"",IF(AND(LEFT(B22,3)="FY ",LEN(B22)=10,LEN(I22&"")=1,LEN(J22&"")=7,O22<=20,OR(AND(C22="Custom Period",E22<>"",F22<>""),AND(C22="Monthly",LEFT(D22,1)="M"),AND(C22="Quarterly",LEFT(D22,1)="Q"),AND(C22="Half Yearly",LEFT(D22,1)="H"),AND(C22="Annual",D22="AN"))),"OK","CHECK INPUT"))
A23: 16 | K23: =IF(C23="Custom Period",IF(OR(E23="C",F23="C"),"C","C"&TEXT(MATCH(E23,Codebook!$H$2:$H$13,0),"00")&TEXT(MATCH(F23,Codebook!$H$2:$H$13,0),"00")),D23) -> 0 | L23: =IFERROR(INDEX(Codebook!$D$2:$D$50,MATCH(G23,Codebook!$C$2:$C$50,0)),"") | M23: =IFERROR(INDEX(Codebook!$F$2:$F$3,MATCH(H23,Codebook!$E$2:$E$3,0)),"") | N23: =IF(OR(B23="",K23="",L23="",M23="",I23="",J23=""),"",RIGHT(B23,2)&K23&"-"&L23&M23&I23&"-"&J23) | O23: =IF(N23="","",LEN(N23)) | P23: =IF(COUNTA(B23:J23)=0,"",IF(AND(LEFT(B23,3)="FY ",LEN(B23)=10,LEN(I23&"")=1,LEN(J23&"")=7,O23<=20,OR(AND(C23="Custom Period",E23<>"",F23<>""),AND(C23="Monthly",LEFT(D23,1)="M"),AND(C23="Quarterly",LEFT(D23,1)="Q"),AND(C23="Half Yearly",LEFT(D23,1)="H"),AND(C23="Annual",D23="AN"))),"OK","CHECK INPUT"))
A24: 17 | K24: =IF(C24="Custom Period",IF(OR(E24="C",F24="C"),"C","C"&TEXT(MATCH(E24,Codebook!$H$2:$H$13,0),"00")&TEXT(MATCH(F24,Codebook!$H$2:$H$13,0),"00")),D24) -> 0 | L24: =IFERROR(INDEX(Codebook!$D$2:$D$50,MATCH(G24,Codebook!$C$2:$C$50,0)),"") | M24: =IFERROR(INDEX(Codebook!$F$2:$F$3,MATCH(H24,Codebook!$E$2:$E$3,0)),"") | N24: =IF(OR(B24="",K24="",L24="",M24="",I24="",J24=""),"",RIGHT(B24,2)&K24&"-"&L24&M24&I24&"-"&J24) | O24: =IF(N24="","",LEN(N24)) | P24: =IF(COUNTA(B24:J24)=0,"",IF(AND(LEFT(B24,3)="FY ",LEN(B24)=10,LEN(I24&"")=1,LEN(J24&"")=7,O24<=20,OR(AND(C24="Custom Period",E24<>"",F24<>""),AND(C24="Monthly",LEFT(D24,1)="M"),AND(C24="Quarterly",LEFT(D24,1)="Q"),AND(C24="Half Yearly",LEFT(D24,1)="H"),AND(C24="Annual",D24="AN"))),"OK","CHECK INPUT"))
A25: 18 | K25: =IF(C25="Custom Period",IF(OR(E25="C",F25="C"),"C","C"&TEXT(MATCH(E25,Codebook!$H$2:$H$13,0),"00")&TEXT(MATCH(F25,Codebook!$H$2:$H$13,0),"00")),D25) -> 0 | L25: =IFERROR(INDEX(Codebook!$D$2:$D$50,MATCH(G25,Codebook!$C$2:$C$50,0)),"") | M25: =IFERROR(INDEX(Codebook!$F$2:$F$3,MATCH(H25,Codebook!$E$2:$E$3,0)),"") | N25: =IF(OR(B25="",K25="",L25="",M25="",I25="",J25=""),"",RIGHT(B25,2)&K25&"-"&L25&M25&I25&"-"&J25) | O25: =IF(N25="","",LEN(N25)) | P25: =IF(COUNTA(B25:J25)=0,"",IF(AND(LEFT(B25,3)="FY ",LEN(B25)=10,LEN(I25&"")=1,LEN(J25&"")=7,O25<=20,OR(AND(C25="Custom Period",E25<>"",F25<>""),AND(C25="Monthly",LEFT(D25,1)="M"),AND(C25="Quarterly",LEFT(D25,1)="Q"),AND(C25="Half Yearly",LEFT(D25,1)="H"),AND(C25="Annual",D25="AN"))),"OK","CHECK INPUT"))
A26: 19 | K26: =IF(C26="Custom Period",IF(OR(E26="C",F26="C"),"C","C"&TEXT(MATCH(E26,Codebook!$H$2:$H$13,0),"00")&TEXT(MATCH(F26,Codebook!$H$2:$H$13,0),"00")),D26) -> 0 | L26: =IFERROR(INDEX(Codebook!$D$2:$D$50,MATCH(G26,Codebook!$C$2:$C$50,0)),"") | M26: =IFERROR(INDEX(Codebook!$F$2:$F$3,MATCH(H26,Codebook!$E$2:$E$3,0)),"") | N26: =IF(OR(B26="",K26="",L26="",M26="",I26="",J26=""),"",RIGHT(B26,2)&K26&"-"&L26&M26&I26&"-"&J26) | O26: =IF(N26="","",LEN(N26)) | P26: =IF(COUNTA(B26:J26)=0,"",IF(AND(LEFT(B26,3)="FY ",LEN(B26)=10,LEN(I26&"")=1,LEN(J26&"")=7,O26<=20,OR(AND(C26="Custom Period",E26<>"",F26<>""),AND(C26="Monthly",LEFT(D26,1)="M"),AND(C26="Quarterly",LEFT(D26,1)="Q"),AND(C26="Half Yearly",LEFT(D26,1)="H"),AND(C26="Annual",D26="AN"))),"OK","CHECK INPUT"))
A27: 20 | K27: =IF(C27="Custom Period",IF(OR(E27="C",F27="C"),"C","C"&TEXT(MATCH(E27,Codebook!$H$2:$H$13,0),"00")&TEXT(MATCH(F27,Codebook!$H$2:$H$13,0),"00")),D27) -> 0 | L27: =IFERROR(INDEX(Codebook!$D$2:$D$50,MATCH(G27,Codebook!$C$2:$C$50,0)),"") | M27: =IFERROR(INDEX(Codebook!$F$2:$F$3,MATCH(H27,Codebook!$E$2:$E$3,0)),"") | N27: =IF(OR(B27="",K27="",L27="",M27="",I27="",J27=""),"",RIGHT(B27,2)&K27&"-"&L27&M27&I27&"-"&J27) | O27: =IF(N27="","",LEN(N27)) | P27: =IF(COUNTA(B27:J27)=0,"",IF(AND(LEFT(B27,3)="FY ",LEN(B27)=10,LEN(I27&"")=1,LEN(J27&"")=7,O27<=20,OR(AND(C27="Custom Period",E27<>"",F27<>""),AND(C27="Monthly",LEFT(D27,1)="M"),AND(C27="Quarterly",LEFT(D27,1)="Q"),AND(C27="Half Yearly",LEFT(D27,1)="H"),AND(C27="Annual",D27="AN"))),"OK","CHECK INPUT"))
A28: 21 | K28: =IF(C28="Custom Period",IF(OR(E28="C",F28="C"),"C","C"&TEXT(MATCH(E28,Codebook!$H$2:$H$13,0),"00")&TEXT(MATCH(F28,Codebook!$H$2:$H$13,0),"00")),D28) -> 0 | L28: =IFERROR(INDEX(Codebook!$D$2:$D$50,MATCH(G28,Codebook!$C$2:$C$50,0)),"") | M28: =IFERROR(INDEX(Codebook!$F$2:$F$3,MATCH(H28,Codebook!$E$2:$E$3,0)),"") | N28: =IF(OR(B28="",K28="",L28="",M28="",I28="",J28=""),"",RIGHT(B28,2)&K28&"-"&L28&M28&I28&"-"&J28) | O28: =IF(N28="","",LEN(N28)) | P28: =IF(COUNTA(B28:J28)=0,"",IF(AND(LEFT(B28,3)="FY ",LEN(B28)=10,LEN(I28&"")=1,LEN(J28&"")=7,O28<=20,OR(AND(C28="Custom Period",E28<>"",F28<>""),AND(C28="Monthly",LEFT(D28,1)="M"),AND(C28="Quarterly",LEFT(D28,1)="Q"),AND(C28="Half Yearly",LEFT(D28,1)="H"),AND(C28="Annual",D28="AN"))),"OK","CHECK INPUT"))
A29: 22 | K29: =IF(C29="Custom Period",IF(OR(E29="C",F29="C"),"C","C"&TEXT(MATCH(E29,Codebook!$H$2:$H$13,0),"00")&TEXT(MATCH(F29,Codebook!$H$2:$H$13,0),"00")),D29) -> 0 | L29: =IFERROR(INDEX(Codebook!$D$2:$D$50,MATCH(G29,Codebook!$C$2:$C$50,0)),"") | M29: =IFERROR(INDEX(Codebook!$F$2:$F$3,MATCH(H29,Codebook!$E$2:$E$3,0)),"") | N29: =IF(OR(B29="",K29="",L29="",M29="",I29="",J29=""),"",RIGHT(B29,2)&K29&"-"&L29&M29&I29&"-"&J29) | O29: =IF(N29="","",LEN(N29)) | P29: =IF(COUNTA(B29:J29)=0,"",IF(AND(LEFT(B29,3)="FY ",LEN(B29)=10,LEN(I29&"")=1,LEN(J29&"")=7,O29<=20,OR(AND(C29="Custom Period",E29<>"",F29<>""),AND(C29="Monthly",LEFT(D29,1)="M"),AND(C29="Quarterly",LEFT(D29,1)="Q"),AND(C29="Half Yearly",LEFT(D29,1)="H"),AND(C29="Annual",D29="AN"))),"OK","CHECK INPUT"))
A30: 23 | K30: =IF(C30="Custom Period",IF(OR(E30="C",F30="C"),"C","C"&TEXT(MATCH(E30,Codebook!$H$2:$H$13,0),"00")&TEXT(MATCH(F30,Codebook!$H$2:$H$13,0),"00")),D30) -> 0 | L30: =IFERROR(INDEX(Codebook!$D$2:$D$50,MATCH(G30,Codebook!$C$2:$C$50,0)),"") | M30: =IFERROR(INDEX(Codebook!$F$2:$F$3,MATCH(H30,Codebook!$E$2:$E$3,0)),"") | N30: =IF(OR(B30="",K30="",L30="",M30="",I30="",J30=""),"",RIGHT(B30,2)&K30&"-"&L30&M30&I30&"-"&J30) | O30: =IF(N30="","",LEN(N30)) | P30: =IF(COUNTA(B30:J30)=0,"",IF(AND(LEFT(B30,3)="FY ",LEN(B30)=10,LEN(I30&"")=1,LEN(J30&"")=7,O30<=20,OR(AND(C30="Custom Period",E30<>"",F30<>""),AND(C30="Monthly",LEFT(D30,1)="M"),AND(C30="Quarterly",LEFT(D30,1)="Q"),AND(C30="Half Yearly",LEFT(D30,1)="H"),AND(C30="Annual",D30="AN"))),"OK","CHECK INPUT"))
A31: 24 | K31: =IF(C31="Custom Period",IF(OR(E31="C",F31="C"),"C","C"&TEXT(MATCH(E31,Codebook!$H$2:$H$13,0),"00")&TEXT(MATCH(F31,Codebook!$H$2:$H$13,0),"00")),D31) -> 0 | L31: =IFERROR(INDEX(Codebook!$D$2:$D$50,MATCH(G31,Codebook!$C$2:$C$50,0)),"") | M31: =IFERROR(INDEX(Codebook!$F$2:$F$3,MATCH(H31,Codebook!$E$2:$E$3,0)),"") | N31: =IF(OR(B31="",K31="",L31="",M31="",I31="",J31=""),"",RIGHT(B31,2)&K31&"-"&L31&M31&I31&"-"&J31) | O31: =IF(N31="","",LEN(N31)) | P31: =IF(COUNTA(B31:J31)=0,"",IF(AND(LEFT(B31,3)="FY ",LEN(B31)=10,LEN(I31&"")=1,LEN(J31&"")=7,O31<=20,OR(AND(C31="Custom Period",E31<>"",F31<>""),AND(C31="Monthly",LEFT(D31,1)="M"),AND(C31="Quarterly",LEFT(D31,1)="Q"),AND(C31="Half Yearly",LEFT(D31,1)="H"),AND(C31="Annual",D31="AN"))),"OK","CHECK INPUT"))
... A107: 100 | K107: =IF(C107="Custom Period",IF(OR(E107="C",F107="C"),"C","C"&TEXT(MATCH(E107,Codebook!$H$2:$H$13,0),"00")&TEXT(MATCH(F107,Codebook!$H$2:$H$13,0),"00")),D107) -> 0 | L107: =IFERROR(INDEX(Codebook!$D$2:$D$50,MATCH(G107,Codebook!$C$2:$C$50,0)),"") | M107: =IFERROR(INDEX(Codebook!$F$2:$F$3,MATCH(H107,Codebook!$E$2:$E$3,0)),"") | N107: =IF(OR(B107="",K107="",L107="",M107="",I107="",J107=""),"",RIGHT(B107,2)&K107&"-"&L107&M107&I107&"-"&J107) | O107: =IF(N107="","",LEN(N107)) | P107: =IF(COUNTA(B107:J107)=0,"",IF(AND(LEFT(B107,3)="FY ",LEN(B107)=10,LEN(I107&"")=1,LEN(J107&"")=7,O107<=20,OR(AND(C107="Custom Period",E107<>"",F107<>""),AND(C107="Monthly",LEFT(D107,1)="M"),AND(C107="Quarterly",LEFT(D107,1)="Q"),AND(C107="Half Yearly",LEFT(D107,1)="H"),AND(C107="Annual",D107="AN"))),"OK","CHECK INPUT"))

Sheet Codebook
A1: Period Type | B1: Standard Period Code | C1: Scheme Type | D1: Type Code | E1: Scheme Basis | F1: Basis Code | G1: Sequence | H1: Month | J1: Financial Year
A2: Monthly | B2: M01 | C2: Festive | D2: FS | E2: Value Based | F2: V | G2: 1 | H2: Jan | J2: FY 2023-24
A3: Quarterly | B3: M02 | C3: Tie up | D3: TU | E3: Quantity Based | F3: Q | G3: 2 | H3: Feb | J3: FY 2024-25
A4: Half Yearly | B4: M03 | C4: Sellout | D4: SO | G4: 3 | H4: Mar | J4: FY 2025-26
A5: Annual | B5: M04 | C5: Liquidation | D5: LQ | G5: 4 | H5: Apr | J5: FY 2026-27
A6: Custom Period | B6: M05 | C6: Special Period | D6: SP | G6: 5 | H6: May | J6: FY 2027-28
B7: M06 | C7: Cash Discount | D7: CD | G7: 6 | H7: Jun | J7: FY 2028-29
B8: M07 | C8: Growth | D8: GR | G8: 7 | H8: Jul | J8: FY 2029-30
B9: M08 | C9: FOC | D9: FC | G9: 8 | H9: Aug | J9: FY 2030-31
B10: M09 | C10: Festive-PU | D10: PF | G10: 9 | H10: Sep | J10: FY 2031-32
B11: M10 | C11: Tie up-PU | D11: PT | G11: A | H11: Oct | J11: FY 2032-33
B12: M11 | C12: Sellout-PU | D12: PO | G12: B | H12: Nov | J12: FY 2033-34
B13: M12 | C13: Liquidation-PU | D13: PL | G13: C | H13: Dec | J13: FY 2034-35
B14: Q1 | C14: Special Period-PU | D14: PS | G14: D | J14: FY 2035-36
B15: Q2 | C15: Cash Discount-PU | D15: PD | G15: E | J15: FY 2036-37
B16: Q3 | C16: Growth-PU | D16: PG | G16: F | J16: FY 2037-38
B17: Q4 | C17: FOC-PU | D17: PC | G17: G | J17: FY 2038-39
B18: H1 | C18: Cluster of Customer-SCALE % Based (Amount Scale)-Festive | D18: CF | E18: Turnover Rebate-% Based (Amount Scale)-Festive | G18: H | J18: FY 2039-40
B19: H2 | C19: Cluster of Customer-SCALE-% Based (Amount Scale)-Specific | D19: CS | E19: Turnover Rebate-% Based (Amount Scale)-Specific | G19: I | J19: FY 2040-41
B20: AN | C20: Cluster of Customer-SCALE-% Based (Amount Scale)-Periodic | D20: CP | E20: Turnover Rebate-% Based (Amount Scale)-Period | G20: J
C21: Cluster of Customer-SCALE-% Based (amount Scale) - Liquidation | D21: CL | E21: Turnover Rebate - % Based (amount Scale) - Liquidation | G21: K
C22: Cluster of Customer-$/unit (Qty Scale)-Festive | D22: KF | E22: Quantity Rebate-$/unit (Qty Scale)-Festive | G22: L
C23: Cluster of Customer-$/unit (Qty Scale)-Specific | D23: KS | E23: Quantity Rebate-$/unit (Qty Scale)-Specific | G23: M
C24: Cluster of Customer-$/unit (Qty Scale)-Periodic | D24: KP | E24: Quantity Rebate-$/unit (Qty Scale)-Annual | G24: N
C25: Cluster of Customer-$/unit (Qty Scale)-Liquidation | D25: KL | E25: Quantity Rebate-$/unit (Qty Scale)-Liquidation | G25: O
G26: P
G27: Q
G28: R
G29: S
G30: T
G31: U
G32: V
G33: W
G34: X
G35: Y
G36: Z

Sheet Instructions
A1: How to Use the Scheme Code Tool
A3: Step | B3: Instruction
A4: 1. Financial Year | B4: Select the Financial Year from the dropdown. The code automatically uses the FY ending year: FY 2026-27 = 27. For a custom period, select the FY in which the scheme starts.
A5: 2. Period Type | B5: Choose Monthly, Quarterly, Half Yearly, Annual, or Custom Period.
A6: 3. Standard Period | B6: For standard periods select M01-M12, Q1-Q4, H1-H2, or AN. For Custom Period leave this blank.
A7: 4. Custom Months | B7: For Custom Period choose Start Month and End Month. Example: FY 2026-27 + Sep to Aug becomes period code C0908 and represents Sep-26 to Aug-27.
A8: 5. Scheme Type | B8: Single Scheme Type master: Festive = FS; Tie up = TU; Sellout = SO; Liquidation = LQ; Special Period = SP; Cash Discount = CD; Growth = GR; FOC = FC.
A9: 6. Scheme Basis | B9: Value Based = V; Quantity Based = Q.
A10: 7. Sequence | B10: Use 1 for the first scheme. If the same combination repeats, use 2, 3 ... 9, then A-Z to retain uniqueness.
A11: 8. Customer Code | B11: Enter exactly 7 characters. Customer Code is always placed at the end of the final SAP code.
A12: 9. Final Code | B12: The tool generates the code automatically, derives the 2-character FY code, and checks the SAP 20-character limit.
A15: Examples
A16: FY 2026-27 | Monthly M04 | Festive | Value | Seq 1 | 1234567 | B16: 27M04-FSV1-1234567 | C16: Period | D16: Type/Basis/Seq | E16: Customer | F16: Final Code
A17: FY 2026-27 | Quarterly Q2 | Tie up | Quantity | Seq 1 | 1234567 | B17: 27Q2-TUQ1-1234567 | C17: C0908 | D17: TU / V / 1 | E17: 1234567 | F17: 27C0908-TUV1-1234567
A18: FY 2026-27 | Half Year H1 | Sellout | Value | Seq 1 | 1234567 | B18: 27H1-SOV1-1234567 | C18: Q2 | D18: FS / Q / 1 | E18: 7654321 | F18: 27Q2-FSQ1-7654321
A19: FY 2026-27 | Annual | Liquidation | Quantity | Seq 1 | 1234567 | B19: 27AN-LQQ1-1234567 | C19: M10 | D19: SO / V / 1 | E19: 2345678 | F19: 27M10-SOV1-2345678
A20: FY 2026-27 | Custom Sep-Aug | Tie up | Value | Seq 1 | 1234567 | B20: 27C0908-TUV1-1234567
A22: FY 2026-27 | Monthly M09 | Cash Discount | Value | Seq 1 | 8234567 | B22: 27M09-CDV1-8234567
A23: FY 2026-27 | Quarterly Q3 | Growth | Value | Seq 1 | 9234567 | B23: 27Q3-GRV1-9234567
A24: FY 2026-27 | Custom Sep-Aug | FOC | Quantity | Seq 1 | 1334567 | B24: 27C0908-FCQ1-1334567
